13;Ruben Heathcote;Brazil;

823;Fausto Weber;Brazil;

866;Mr. Pablo Marvin;Brazil;

1107;Andres Witting;Brazil;

1142;Dr. Robin Wintheiser;Brazil;

1481;Rosalinda Schulist;Brazil;

1668;Alexane Hauck;Brazil;

2237;Mr. Dallin Stehr;Brazil;

2297;Zita Keebler;Brazil;

2796;Ms. Cathryn Kreiger;Brazil;

3523;Arnoldo Jerde;Brazil;

3736;Orie Wuckert;Brazil;

3827;Mrs. Shaylee Doyle;Brazil;

3990;Susan Purdy;Brazil;

4194;Rosalee Schuster;Brazil;

4457;Mr. Meda Frami;Brazil;

4497;Lisa Hermann;Brazil;

4558;Vita Boehm;Brazil;

4808;Alfreda Torphy;Brazil;

5243;Roxanne Daniel;Brazil;

5738;Serena Senger;Brazil;

5883;Else Robel IV;Brazil;

5915;Lucienne Sawayn;Brazil;

5997;Miss Rubye Hagenes;Brazil;

6089;Brionna Ziemann III;Brazil;

6125;Abner Blick;Brazil;

6550;Annabelle Marquardt;Brazil;

6843;Mrs. Alexanne Ferry;Brazil;

6888;Tyson Oberbrunner;Brazil;

7667;Herbert Runolfsson;Brazil;

7832;Dr. Alessandra Upton;Brazil;

8115;Charlie Trantow;Brazil;

8160;Werner Eichmann;Brazil;

8367;Ms. Colten Kohler;Brazil;

8641;Makayla Rohan;Brazil;

8661;Khalil D'Amore;Brazil;

9066;Lila Monahan;Brazil;

9388;Lou Mayer;Brazil;

9547;Mrs. Nils O'Conner;Brazil;

9713;Efren Schultz;Brazil;


